{"loss": [0.1901837486666307, 0.009493297959803021, 0.00623652944288624, 0.00527550750249211, 0.004754176143452787, 0.004401953162499922, 0.00412961414208039, 0.003919510799919953, 0.0037483171831649087], "valid_loss": [0.32555150985717773, 0.21387377381324768, 0.16547730565071106, 0.13539372384548187, 0.11207734048366547, 0.08526039123535156, 0.06663496792316437, 0.050101716071367264, 0.036363620311021805]}